{
    "세계전충격_t0":"1948-11-01",
    "세계전충격_t1":"1949-10-28",

    "한국전충격_t0":"1953-07-01",
    "한국전충격_t1":"1954-05-28",

    "아이젠하워리세션_t0":"1957-08-01",
    "아이젠하워리세션_t1":"1958-04-28",

    "연착륙_t0":"1960-04-01",
    "연착륙_t1":"1961-02-28",

    "달러위기_t0":"1969-12-01",
    "달러위기_t1":"1970-10-29",

    "1차오일쇼크_t0":"1973-11-05",
    "1차오일쇼크_t1":"1975-03-03",
    "2차오일쇼크_t0":"1980-01-02",
    "2차오일쇼크_t1":"1980-07-02",

    "물가충격_t0":"1981-07-01",
    "물가충격_t1":"1982-11-03",

    "걸프전_t0":"1990-07-05",
    "걸프전_t1":"1991-03-01",

    "닷컴버블_t0":"2001-03-02",
    "닷컴버블_t1":"2001-11-02",

    "금융위기_t0":"2007-12-04",
    "금융위기_t1":"2009-06-01",
    
    "코로나_t0":"2020-01-31",
    "코로나_t1":"2020-04-03"
}